INDEX;URL;ROBOT;ENCODING;HTTP_CODE;TXT_DUMP;HTML_DUMP;TOTAL_WORDS;TARGET_TOTAL;KWIC
1;https://ru.wikipedia.org/wiki/%D0%94%D1%83%D1%88%D0%B0;autorisé;utf-8;200;../../ru/txt/original/ru1/ru1-1.txt;../../ru/html_dump/ru1-1.html;7894;449;../../ru/csv/ru1-1.csv
2;https://ru.wiktionary.org/wiki/%D0%B4%D1%83%D1%88%D0%B0;autorisé;utf-8;200;../../ru/txt/original/ru1/ru1-2.txt;../../ru/html_dump/ru1-2.html;7083;621;../../ru/csv/ru1-2.csv
3;https://azbyka.ru/dusha;autorisé;utf-8;200;../../ru/txt/original/ru1/ru1-3.txt;../../ru/html_dump/ru1-3.html;4064;159;../../ru/csv/ru1-3.csv
4;https://pestrecy-rt.ru/news/obschestvo/sviashhennik-rasskazal-o-tom-cto-takoe-dusa;autorisé;utf-8;200;../../ru/txt/original/ru1/ru1-4.txt;../../ru/html_dump/ru1-4.html;2073;68;../../ru/csv/ru1-4.csv
5;https://supernatural.fandom.com/ru/wiki/%D0%94%D1%83%D1%88%D0%B0;autorisé;utf-8;200;../../ru/txt/original/ru1/ru1-5.txt;../../ru/html_dump/ru1-5.html;3008;49;../../ru/csv/ru1-5.csv
6;https://www.gotquestions.org/Russian/Russian-human-soul.html;autorisé;indisponible;404;../../ru/txt/original/ru1/ru1-6.txt;../../ru/html_dump/ru1-6.html;697;27;../../ru/csv/ru1-6.csv
7;https://regions.ru/obschestvo/skolko-vesit-dusha-pravoslavnyy-svyaschennik-razoblachil-populyarnye-mify;autorisé;utf-8;200;../../ru/txt/original/ru1/ru1-7.txt;../../ru/html_dump/ru1-7.html;1069;16;../../ru/csv/ru1-7.csv
8;https://scientificrussia.ru/articles/dusa-ermitaza-den-rozdenia-akademika-mihaila-piotrovskogo;autorisé;utf-8;200;../../ru/txt/original/ru1/ru1-8.txt;../../ru/html_dump/ru1-8.html;1322;1;../../ru/csv/ru1-8.csv
9;https://jewish.ru/ru/traditions/articles/9217/;autorisé;utf-8;200;../../ru/txt/original/ru1/ru1-9.txt;../../ru/html_dump/ru1-9.html;1196;37;../../ru/csv/ru1-9.csv
10;https://www.memoral.lv/ru/post/%D1%87%D1%82%D0%BE-%D1%82%D0%B0%D0%BA%D0%BE%D0%B5-%D0%B4%D1%83%D1%88%D0%B0;autorisé;utf-8;200;../../ru/txt/original/ru1/ru1-10.txt;../../ru/html_dump/ru1-10.html;1029;48;../../ru/csv/ru1-10.csv
11;https://www.svoboda.org/a/30727569.html;autorisé;utf-8;200;../../ru/txt/original/ru1/ru1-11.txt;../../ru/html_dump/ru1-11.html;2657;71;../../ru/csv/ru1-11.csv
12;https://stihi.ru/2025/06/10/7341;autorisé;windows-1251;200;../../ru/txt/original/ru1/ru1-12.txt;../../ru/html_dump/ru1-12.html;3528;118;../../ru/csv/ru1-12.csv
13;https://znanierussia.ru/articles/%D0%94%D1%83%D1%88%D0%B0;autorisé;utf-8;200;../../ru/txt/original/ru1/ru1-13.txt;../../ru/html_dump/ru1-13.html;5347;341;../../ru/csv/ru1-13.csv
14;https://www.tretyakovgallery.ru/exhibitions/o/russkaya-dusha-izbrannye-proizvedeniya-zhivopisi-iz-gosudarstvennoy-tretyakovskoy-galerei-i-tsifrovy/;autorisé;utf-8;200;../../ru/txt/original/ru1/ru1-14.txt;../../ru/html_dump/ru1-14.html;29;0;../../ru/csv/ru1-14.csv
15;https://bible.by/lexicon/btd/word/1426/;autorisé;utf-8;200;../../ru/txt/original/ru1/ru1-15.txt;../../ru/html_dump/ru1-15.html;1232;45;../../ru/csv/ru1-15.csv
16;https://www.harc.ru/slovar/688.html;autorisé;utf-8;200;../../ru/txt/original/ru1/ru1-16.txt;../../ru/html_dump/ru1-16.html;564;29;../../ru/csv/ru1-16.csv
17;https://ru.wikipedia.org/wiki/%D0%A0%D1%83%D1%81%D1%81%D0%BA%D0%B0%D1%8F_%D0%B4%D1%83%D1%88%D0%B0;autorisé;utf-8;200;../../ru/txt/original/ru1/ru1-17.txt;../../ru/html_dump/ru1-17.html;2553;139;../../ru/csv/ru1-17.csv
18;https://genius.com/Navernoe-poet-even-cute-yakor-and-derzko69-russian-soul-lyrics;autorisé;utf-8;200;../../ru/txt/original/ru1/ru1-18.txt;../../ru/html_dump/ru1-18.html;1149;20;../../ru/csv/ru1-18.csv
19;https://delartemagazine.com/music/endzhel-vong-oshhushhayu-sebya-amerikancem-s-russkoj-dushoj/;autorisé;utf-8;200;../../ru/txt/original/ru1/ru1-19.txt;../../ru/html_dump/ru1-19.html;2832;4;../../ru/csv/ru1-19.csv
20;https://gpvn.ru/104229;autorisé;utf-8;200;../../ru/txt/original/ru1/ru1-20.txt;../../ru/html_dump/ru1-20.html;1433;1;../../ru/csv/ru1-20.csv
21;https://rostof.ru/articles/v-oblastnom-dome-narodnogo-tvorchestva-otmetili-godovshchinu-sozdaniya-fonda-russkaya-dusha;autorisé;utf-8;200;../../ru/txt/original/ru1/ru1-21.txt;../../ru/html_dump/ru1-21.html;1391;4;../../ru/csv/ru1-21.csv
22;https://whitehall.spbstu.ru/;interdit;utf-8;200;../../ru/txt/original/ru1/ru1-22.txt;../../ru/html_dump/ru1-22.html;1719;0;../../ru/csv/ru1-22.csv
23;https://www.woman.ru/rest/bez-mechty-chelovek-prevrashaetsya-v-funkciyu-artem-mironov-o-svete-muzyke-i-vnutrennei-tochke-opory-id6718625/;autorisé;utf-8;200;../../ru/txt/original/ru1/ru1-23.txt;../../ru/html_dump/ru1-23.html;1381;9;../../ru/csv/ru1-23.csv
24;https://mvdmedia.ru/publications/shield-and-sword/bylo-delo/dusha-otklikalas-na-krasotu-/;autorisé;indisponible;405;../../ru/txt/original/ru1/ru1-24.txt;../../ru/html_dump/ru1-24.html;1369;2;../../ru/csv/ru1-24.csv
25;https://www.innosocium.org/projects/4;autorisé;utf-8;200;../../ru/txt/original/ru1/ru1-25.txt;../../ru/html_dump/ru1-25.html;1401;36;../../ru/csv/ru1-25.csv
26;https://www.quiltshow.ru/;interdit;windows-1251;200;../../ru/txt/original/ru1/ru1-26.txt;../../ru/html_dump/ru1-26.html;1028;16;../../ru/csv/ru1-26.csv
27;https://grdt.ru/afisha/repertuar/dusha-podushki;autorisé;indisponible;200;../../ru/txt/original/ru1/ru1-27.txt;../../ru/html_dump/ru1-27.html;0;0;../../ru/csv/ru1-27.csv
28;https://my.tretyakov.ru/app/masterpiece/51847;autorisé;utf-8;200;../../ru/txt/original/ru1/ru1-28.txt;../../ru/html_dump/ru1-28.html;529;7;../../ru/csv/ru1-28.csv
29;https://fip.am/ru/45358;autorisé;utf-8;403;../../ru/txt/original/ru1/ru1-29.txt;../../ru/html_dump/ru1-29.html;11;0;../../ru/csv/ru1-29.csv
30;https://www.pravmir.ru/dushacheloveka/;autorisé;utf-8;200;../../ru/txt/original/ru1/ru1-30.txt;../../ru/html_dump/ru1-30.html;4652;134;../../ru/csv/ru1-30.csv
